{
  "Spawn Configurations": {
    "//Spawn Configurations": "Spawn Configurations for all the mobs in goodall.",
    "Rhino": {
      "//Rhino": "Rhino Spawn Configurations",
      "//weight": "The spawn weighting.",
      "weight": 2,
      "//min": "The min group size.",
      "min": 1,
      "//max": "The max group size.",
      "max": 1
    },
    "Dumbo Octopus": {
      "//Dumbo Octopus": "Dumbo Octopus Spawn Configurations",
      "//weight": "The spawn weighting.",
      "weight": 2,
      "//min": "The min group size.",
      "min": 0,
      "//max": "The max group size.",
      "max": 2
    },
    "Pelican": {
      "//Pelican": "Blue Footed Booby Spawn Configurations",
      "//weight": "The spawn weighting.",
      "weight": 4,
      "//min": "The min group size.",
      "min": 0,
      "//max": "The max group size.",
      "max": 1
    },
    "Fennec Fox": {
      "//Fennec Fox": "Fennec Fox Spawn Configurations",
      "//weight": "The spawn weighting.",
      "weight": 2,
      "//min": "The min group size.",
      "min": 0,
      "//max": "The max group size.",
      "max": 1
    },
    "Kiwi": {
      "//Kiwi": "Kiwi Spawn Configurations",
      "//weight": "The spawn weighting.",
      "weight": 10,
      "//min": "The min group size.",
      "min": 1,
      "//max": "The max group size.",
      "max": 2
    },
    "Manatee": {
      "//Manatee": "Manatee Spawn Configurations",
      "//weight": "The spawn weighting.",
      "weight": 5,
      "//min": "The min group size.",
      "min": 0,
      "//max": "The max group size.",
      "max": 1
    },
    "Deer": {
      "//Deer": "Red Deer Spawn Configurations",
      "//weight": "The spawn weighting.",
      "weight": 10,
      "//min": "The min group size.",
      "min": 0,
      "//max": "The max group size.",
      "max": 1
    },
    "Seal": {
      "//Seal": "Seal Spawn Configurations",
      "//weight": "The spawn weighting.",
      "weight": 5,
      "//min": "The min group size.",
      "min": 0,
      "//max": "The max group size.",
      "max": 1
    },
    "Flamingo": {
      "//Flamingo": "Flamingo Spawn Configurations",
      "//weight": "The spawn weighting.",
      "weight": 1,
      "//min": "The min group size.",
      "min": 0,
      "//max": "The max group size.",
      "max": 1
    },
    "Tortoise": {
      "//Tortoise": "Tortoise Spawn Configurations",
      "//weight": "The spawn weighting.",
      "weight": 1,
      "//min": "The min group size.",
      "min": 0,
      "//max": "The max group size.",
      "max": 1
    },
    "Toucan": {
      "//Toucan": "Toucan Spawn Configurations",
      "//weight": "The spawn weighting.",
      "weight": 8,
      "//min": "The min group size.",
      "min": 1,
      "//max": "The max group size.",
      "max": 1
    },
    "Songbird": {
      "//Songbird": "Turaco Spawn Configurations",
      "//weight": "The spawn weighting.",
      "weight": 3,
      "//min": "The min group size.",
      "min": 1,
      "//max": "The max group size.",
      "max": 3
    }
  }
}