{
  "endstone_dust [default: true]": true,
  "betterend [default: true]": true,
  "end_mycelium [default: true]": true,
  "end_moss [default: true]": true,
  "chorus_nylium [default: true]": true,
  "cave_moss [default: true]": true,
  "crystal_moss [default: true]": true,
  "crystal_moss_cover [default: true]": true,
  "shadow_grass [default: true]": true,
  "pink_moss [default: true]": true,
  "amber_moss [default: true]": true,
  "jungle_moss [default: true]": true,
  "sangnum [default: true]": true,
  "rutiscus [default: true]": true,
  "pallidium_full [default: true]": true,
  "pallidium_heavy [default: true]": true,
  "pallidium_thin [default: true]": true,
  "pallidium_tiny [default: true]": true,
  "end_mycelium_path [default: true]": true,
  "end_moss_path [default: true]": true,
  "chorus_nylium_path [default: true]": true,
  "cave_moss_path [default: true]": true,
  "crystal_moss_path [default: true]": true,
  "shadow_grass_path [default: true]": true,
  "pink_moss_path [default: true]": true,
  "amber_moss_path [default: true]": true,
  "jungle_moss_path [default: true]": true,
  "sangnum_path [default: true]": true,
  "rutiscus_path [default: true]": true,
  "mossy_obsidian [default: true]": true,
  "dragon_bone_block [default: true]": true,
  "dragon_bone_stairs [default: true]": true,
  "dragon_bone_slab [default: true]": true,
  "mossy_dragon_bone [default: true]": true,
  "flavolite [default: true]": true,
  "flavolite_polished [default: true]": true,
  "flavolite_tiles [default: true]": true,
  "flavolite_pillar [default: true]": true,
  "flavolite_stairs [default: true]": true,
  "flavolite_slab [default: true]": true,
  "flavolite_wall [default: true]": true,
  "flavolite_button [default: true]": true,
  "flavolite_plate [default: true]": true,
  "flavolite_pedestal [default: true]": true,
  "flavolite_lantern [default: true]": true,
  "flavolite_bricks [default: true]": true,
  "flavolite_bricks_stairs [default: true]": true,
  "flavolite_bricks_slab [default: true]": true,
  "flavolite_bricks_wall [default: true]": true,
  "flavolite_furnace [default: true]": true,
  "flavolite_flower_pot [default: true]": true,
  "violecite [default: true]": true,
  "violecite_polished [default: true]": true,
  "violecite_tiles [default: true]": true,
  "violecite_pillar [default: true]": true,
  "violecite_stairs [default: true]": true,
  "violecite_slab [default: true]": true,
  "violecite_wall [default: true]": true,
  "violecite_button [default: true]": true,
  "violecite_plate [default: true]": true,
  "violecite_pedestal [default: true]": true,
  "violecite_lantern [default: true]": true,
  "violecite_bricks [default: true]": true,
  "violecite_bricks_stairs [default: true]": true,
  "violecite_bricks_slab [default: true]": true,
  "violecite_bricks_wall [default: true]": true,
  "violecite_furnace [default: true]": true,
  "violecite_flower_pot [default: true]": true,
  "sulphuric_rock [default: true]": true,
  "sulphuric_rock_polished [default: true]": true,
  "sulphuric_rock_tiles [default: true]": true,
  "sulphuric_rock_pillar [default: true]": true,
  "sulphuric_rock_stairs [default: true]": true,
  "sulphuric_rock_slab [default: true]": true,
  "sulphuric_rock_wall [default: true]": true,
  "sulphuric_rock_button [default: true]": true,
  "sulphuric_rock_plate [default: true]": true,
  "sulphuric_rock_pedestal [default: true]": true,
  "sulphuric_rock_lantern [default: true]": true,
  "sulphuric_rock_bricks [default: true]": true,
  "sulphuric_rock_bricks_stairs [default: true]": true,
  "sulphuric_rock_bricks_slab [default: true]": true,
  "sulphuric_rock_bricks_wall [default: true]": true,
  "sulphuric_rock_furnace [default: true]": true,
  "sulphuric_rock_flower_pot [default: true]": true,
  "virid_jadestone [default: true]": true,
  "virid_jadestone_polished [default: true]": true,
  "virid_jadestone_tiles [default: true]": true,
  "virid_jadestone_pillar [default: true]": true,
  "virid_jadestone_stairs [default: true]": true,
  "virid_jadestone_slab [default: true]": true,
  "virid_jadestone_wall [default: true]": true,
  "virid_jadestone_button [default: true]": true,
  "virid_jadestone_plate [default: true]": true,
  "virid_jadestone_pedestal [default: true]": true,
  "virid_jadestone_lantern [default: true]": true,
  "virid_jadestone_bricks [default: true]": true,
  "virid_jadestone_bricks_stairs [default: true]": true,
  "virid_jadestone_bricks_slab [default: true]": true,
  "virid_jadestone_bricks_wall [default: true]": true,
  "virid_jadestone_furnace [default: true]": true,
  "virid_jadestone_flower_pot [default: true]": true,
  "azure_jadestone [default: true]": true,
  "azure_jadestone_polished [default: true]": true,
  "azure_jadestone_tiles [default: true]": true,
  "azure_jadestone_pillar [default: true]": true,
  "azure_jadestone_stairs [default: true]": true,
  "azure_jadestone_slab [default: true]": true,
  "azure_jadestone_wall [default: true]": true,
  "azure_jadestone_button [default: true]": true,
  "azure_jadestone_plate [default: true]": true,
  "azure_jadestone_pedestal [default: true]": true,
  "azure_jadestone_lantern [default: true]": true,
  "azure_jadestone_bricks [default: true]": true,
  "azure_jadestone_bricks_stairs [default: true]": true,
  "azure_jadestone_bricks_slab [default: true]": true,
  "azure_jadestone_bricks_wall [default: true]": true,
  "azure_jadestone_furnace [default: true]": true,
  "azure_jadestone_flower_pot [default: true]": true,
  "sandy_jadestone [default: true]": true,
  "sandy_jadestone_polished [default: true]": true,
  "sandy_jadestone_tiles [default: true]": true,
  "sandy_jadestone_pillar [default: true]": true,
  "sandy_jadestone_stairs [default: true]": true,
  "sandy_jadestone_slab [default: true]": true,
  "sandy_jadestone_wall [default: true]": true,
  "sandy_jadestone_button [default: true]": true,
  "sandy_jadestone_plate [default: true]": true,
  "sandy_jadestone_pedestal [default: true]": true,
  "sandy_jadestone_lantern [default: true]": true,
  "sandy_jadestone_bricks [default: true]": true,
  "sandy_jadestone_bricks_stairs [default: true]": true,
  "sandy_jadestone_bricks_slab [default: true]": true,
  "sandy_jadestone_bricks_wall [default: true]": true,
  "sandy_jadestone_furnace [default: true]": true,
  "sandy_jadestone_flower_pot [default: true]": true,
  "umbralith [default: true]": true,
  "umbralith_polished [default: true]": true,
  "umbralith_tiles [default: true]": true,
  "umbralith_pillar [default: true]": true,
  "umbralith_stairs [default: true]": true,
  "umbralith_slab [default: true]": true,
  "umbralith_wall [default: true]": true,
  "umbralith_button [default: true]": true,
  "umbralith_plate [default: true]": true,
  "umbralith_pedestal [default: true]": true,
  "umbralith_lantern [default: true]": true,
  "umbralith_bricks [default: true]": true,
  "umbralith_bricks_stairs [default: true]": true,
  "umbralith_bricks_slab [default: true]": true,
  "umbralith_bricks_wall [default: true]": true,
  "umbralith_furnace [default: true]": true,
  "umbralith_flower_pot [default: true]": true,
  "brimstone [default: true]": true,
  "sulphur_crystal [default: true]": true,
  "missing_tile [default: true]": true,
  "endstone_flower_pot [default: true]": true,
  "flavolite_runed [default: true]": true,
  "flavolite_runed_eternal [default: true]": true,
  "andesite_pedestal [default: true]": true,
  "diorite_pedestal [default: true]": true,
  "granite_pedestal [default: true]": true,
  "quartz_pedestal [default: true]": true,
  "purpur_pedestal [default: true]": true,
  "hydrothermal_vent [default: true]": true,
  "dense_snow [default: true]": true,
  "emerald_ice [default: true]": true,
  "dense_emerald_ice [default: true]": true,
  "ancient_emerald_ice [default: true]": true,
  "end_stone_stalactite [default: true]": true,
  "end_stone_stalactite_cavemoss [default: true]": true,
  "mossy_glowshroom_sapling [default: true]": true,
  "mossy_glowshroom_cap [default: true]": true,
  "mossy_glowshroom_hymenophore [default: true]": true,
  "mossy_glowshroom_fur [default: true]": true,
  "pythadendron_sapling [default: true]": true,
  "pythadendron_leaves [default: true]": true,
  "end_lotus_seed [default: true]": true,
  "end_lotus_stem [default: true]": true,
  "lacugrove_sapling [default: true]": true,
  "lacugrove_leaves [default: true]": true,
  "dragon_tree_sapling [default: true]": true,
  "dragon_tree_leaves [default: true]": true,
  "tenanea_sapling [default: true]": true,
  "tenanea_leaves [default: true]": true,
  "tenanea_flowers [default: true]": true,
  "tenanea_outer_leaves [default: true]": true,
  "helix_tree_sapling [default: true]": true,
  "helix_tree_leaves [default: true]": true,
  "umbrella_tree_sapling [default: true]": true,
  "umbrella_tree_membrane [default: true]": true,
  "umbrella_tree_cluster [default: true]": true,
  "umbrella_tree_cluster_empty [default: true]": true,
  "jellyshroom_cap_purple [default: true]": true,
  "lucernia_sapling [default: true]": true,
  "lucernia_leaves [default: true]": true,
  "lucernia_outer_leaves [default: true]": true,
  "umbrella_moss [default: true]": true,
  "umbrella_moss_tall [default: true]": true,
  "creeping_moss [default: true]": true,
  "chorus_grass [default: true]": true,
  "cave_grass [default: true]": true,
  "crystal_grass [default: true]": true,
  "shadow_plant [default: true]": true,
  "bushy_grass [default: true]": true,
  "amber_grass [default: true]": true,
  "twisted_umbrella_moss [default: true]": true,
  "twisted_umbrella_moss_tall [default: true]": true,
  "jungle_grass [default: true]": true,
  "blooming_cooksonia [default: true]": true,
  "salteago [default: true]": true,
  "vaiolush_fern [default: true]": true,
  "fracturn [default: true]": true,
  "clawfern [default: true]": true,
  "globulagus [default: true]": true,
  "orango [default: true]": true,
  "aeridium [default: true]": true,
  "lutebus [default: true]": true,
  "lamellarium [default: true]": true,
  "inflexia [default: true]": true,
  "flammalix [default: true]": true,
  "blue_vine_seed [default: true]": true,
  "blue_vine_lantern [default: true]": true,
  "blue_vine_fur [default: true]": true,
  "lanceleaf_seed [default: true]": true,
  "glowing_pillar_seed [default: true]": true,
  "glowing_pillar_luminophor [default: true]": true,
  "glowing_pillar_leaves [default: true]": true,
  "small_jellyshroom [default: true]": true,
  "bolux_mushroom [default: true]": true,
  "lumecorn_seed [default: true]": true,
  "small_amaranita_mushroom [default: true]": true,
  "amaranita_stem [default: true]": true,
  "amaranita_hyphae [default: true]": true,
  "amaranita_hymenophore [default: true]": true,
  "amaranita_lantern [default: true]": true,
  "amaranita_fur [default: true]": true,
  "amaranita_cap [default: true]": true,
  "neon_cactus [default: true]": true,
  "neon_cactus_block [default: true]": true,
  "neon_cactus_stairs [default: true]": true,
  "neon_cactus_slab [default: true]": true,
  "shadow_berry [default: true]": true,
  "blossom_berry_seed [default: true]": true,
  "amber_root_seed [default: true]": true,
  "chorus_mushroom_seed [default: true]": true,
  "cave_pumpkin_seed [default: true]": true,
  "cave_pumpkin [default: true]": true,
  "bubble_coral [default: true]": true,
  "menger_sponge [default: true]": true,
  "menger_sponge_wet [default: true]": true,
  "charnia_red [default: true]": true,
  "charnia_purple [default: true]": true,
  "charnia_orange [default: true]": true,
  "charnia_light_blue [default: true]": true,
  "charnia_cyan [default: true]": true,
  "charnia_green [default: true]": true,
  "end_lily_seed [default: true]": true,
  "hydralux_sapling [default: true]": true,
  "hydralux_petal_block [default: true]": true,
  "hydralux_petal_block_white [default: true]": true,
  "hydralux_petal_block_gray [default: true]": true,
  "hydralux_petal_block_light_gray [default: true]": true,
  "hydralux_petal_block_black [default: true]": true,
  "hydralux_petal_block_blue [default: true]": true,
  "hydralux_petal_block_lime [default: true]": true,
  "hydralux_petal_block_magenta [default: true]": true,
  "hydralux_petal_block_red [default: true]": true,
  "hydralux_petal_block_orange [default: true]": true,
  "hydralux_petal_block_purple [default: true]": true,
  "hydralux_petal_block_cyan [default: true]": true,
  "hydralux_petal_block_brown [default: true]": true,
  "hydralux_petal_block_green [default: true]": true,
  "hydralux_petal_block_yellow [default: true]": true,
  "hydralux_petal_block_pink [default: true]": true,
  "hydralux_petal_block_light_blue [default: true]": true,
  "pond_anemone [default: true]": true,
  "flamaea [default: true]": true,
  "cave_bush [default: true]": true,
  "murkweed [default: true]": true,
  "needlegrass [default: true]": true,
  "purple_polypore [default: true]": true,
  "aurant_polypore [default: true]": true,
  "tail_moss [default: true]": true,
  "cyan_moss [default: true]": true,
  "twisted_moss [default: true]": true,
  "tube_worm [default: true]": true,
  "bulb_moss [default: true]": true,
  "jungle_fern [default: true]": true,
  "ruscus [default: true]": true,
  "dense_vine [default: true]": true,
  "twisted_vine [default: true]": true,
  "bulb_vine_seed [default: true]": true,
  "bulb_vine [default: true]": true,
  "jungle_vine [default: true]": true,
  "rubinea [default: true]": true,
  "magnula [default: true]": true,
  "filalux [default: true]": true,
  "filalux_wings [default: true]": true,
  "filalux_lantern [default: true]": true,
  "silk_moth_nest [default: true]": true,
  "silk_moth_hive [default: true]": true,
  "ender_ore [default: true]": true,
  "amber_ore [default: true]": true,
  "thallasium_ore [default: true]": true,
  "thallasium_block [default: true]": true,
  "thallasium_tile [default: true]": true,
  "thallasium_stairs [default: true]": true,
  "thallasium_slab [default: true]": true,
  "thallasium_door [default: true]": true,
  "thallasium_trapdoor [default: true]": true,
  "thallasium_bars [default: true]": true,
  "thallasium_chain [default: true]": true,
  "thallasium_plate [default: true]": true,
  "thallasium_chandelier [default: true]": true,
  "thallasium_bulb_lantern [default: true]": true,
  "thallasium_bulb_lantern_white [default: true]": true,
  "thallasium_bulb_lantern_gray [default: true]": true,
  "thallasium_bulb_lantern_light_gray [default: true]": true,
  "thallasium_bulb_lantern_black [default: true]": true,
  "thallasium_bulb_lantern_blue [default: true]": true,
  "thallasium_bulb_lantern_lime [default: true]": true,
  "thallasium_bulb_lantern_magenta [default: true]": true,
  "thallasium_bulb_lantern_red [default: true]": true,
  "thallasium_bulb_lantern_orange [default: true]": true,
  "thallasium_bulb_lantern_purple [default: true]": true,
  "thallasium_bulb_lantern_cyan [default: true]": true,
  "thallasium_bulb_lantern_brown [default: true]": true,
  "thallasium_bulb_lantern_green [default: true]": true,
  "thallasium_bulb_lantern_yellow [default: true]": true,
  "thallasium_bulb_lantern_pink [default: true]": true,
  "thallasium_bulb_lantern_light_blue [default: true]": true,
  "thallasium_anvil [default: true]": true,
  "terminite_block [default: true]": true,
  "terminite_tile [default: true]": true,
  "terminite_stairs [default: true]": true,
  "terminite_slab [default: true]": true,
  "terminite_door [default: true]": true,
  "terminite_trapdoor [default: true]": true,
  "terminite_bars [default: true]": true,
  "terminite_chain [default: true]": true,
  "terminite_plate [default: true]": true,
  "terminite_chandelier [default: true]": true,
  "terminite_bulb_lantern [default: true]": true,
  "terminite_bulb_lantern_white [default: true]": true,
  "terminite_bulb_lantern_gray [default: true]": true,
  "terminite_bulb_lantern_light_gray [default: true]": true,
  "terminite_bulb_lantern_black [default: true]": true,
  "terminite_bulb_lantern_blue [default: true]": true,
  "terminite_bulb_lantern_lime [default: true]": true,
  "terminite_bulb_lantern_magenta [default: true]": true,
  "terminite_bulb_lantern_red [default: true]": true,
  "terminite_bulb_lantern_orange [default: true]": true,
  "terminite_bulb_lantern_purple [default: true]": true,
  "terminite_bulb_lantern_cyan [default: true]": true,
  "terminite_bulb_lantern_brown [default: true]": true,
  "terminite_bulb_lantern_green [default: true]": true,
  "terminite_bulb_lantern_yellow [default: true]": true,
  "terminite_bulb_lantern_pink [default: true]": true,
  "terminite_bulb_lantern_light_blue [default: true]": true,
  "terminite_anvil [default: true]": true,
  "aeternium_block [default: true]": true,
  "charcoal_block [default: true]": true,
  "ender_block [default: true]": true,
  "aurora_crystal [default: true]": true,
  "amber_block [default: true]": true,
  "smaragdant_crystal_shard [default: true]": true,
  "smaragdant_crystal [default: true]": true,
  "smaragdant_crystal_polished [default: true]": true,
  "smaragdant_crystal_tiles [default: true]": true,
  "smaragdant_crystal_pillar [default: true]": true,
  "smaragdant_crystal_stairs [default: true]": true,
  "smaragdant_crystal_slab [default: true]": true,
  "smaragdant_crystal_wall [default: true]": true,
  "smaragdant_crystal_pedestal [default: true]": true,
  "smaragdant_crystal_bricks [default: true]": true,
  "smaragdant_crystal_bricks_stairs [default: true]": true,
  "smaragdant_crystal_bricks_slab [default: true]": true,
  "smaragdant_crystal_bricks_wall [default: true]": true,
  "respawn_obelisk [default: true]": true,
  "andesite_lantern [default: true]": true,
  "diorite_lantern [default: true]": true,
  "granite_lantern [default: true]": true,
  "quartz_lantern [default: true]": true,
  "purpur_lantern [default: true]": true,
  "end_stone_lantern [default: true]": true,
  "blackstone_lantern [default: true]": true,
  "iron_bulb_lantern [default: true]": true,
  "iron_bulb_lantern_white [default: true]": true,
  "iron_bulb_lantern_gray [default: true]": true,
  "iron_bulb_lantern_light_gray [default: true]": true,
  "iron_bulb_lantern_black [default: true]": true,
  "iron_bulb_lantern_blue [default: true]": true,
  "iron_bulb_lantern_lime [default: true]": true,
  "iron_bulb_lantern_magenta [default: true]": true,
  "iron_bulb_lantern_red [default: true]": true,
  "iron_bulb_lantern_orange [default: true]": true,
  "iron_bulb_lantern_purple [default: true]": true,
  "iron_bulb_lantern_cyan [default: true]": true,
  "iron_bulb_lantern_brown [default: true]": true,
  "iron_bulb_lantern_green [default: true]": true,
  "iron_bulb_lantern_yellow [default: true]": true,
  "iron_bulb_lantern_pink [default: true]": true,
  "iron_bulb_lantern_light_blue [default: true]": true,
  "iron_chandelier [default: true]": true,
  "gold_chandelier [default: true]": true,
  "end_stone_furnace [default: true]": true,
  "end_stone_smelter [default: true]": true,
  "eternal_pedestal [default: true]": true,
  "infusion_pedestal [default: true]": true,
  "aeternium_anvil [default: true]": true,
  "flower_pots": {
    "soils": {
      "end_mycelium [default: 0]": 0,
      "end_moss [default: 1]": 1,
      "chorus_nylium [default: 2]": 2,
      "cave_moss [default: 3]": 3,
      "crystal_moss [default: 4]": 4,
      "shadow_grass [default: 5]": 5,
      "pink_moss [default: 6]": 6,
      "amber_moss [default: 7]": 7,
      "jungle_moss [default: 8]": 8,
      "sangnum [default: 9]": 9,
      "rutiscus [default: 10]": 10,
      "pallidium_full [default: 11]": 11
    },
    "plants": {
      "mossy_glowshroom_sapling [default: 0]": 0,
      "pythadendron_sapling [default: 1]": 1,
      "pythadendron_leaves [default: 2]": 2,
      "end_lotus_flower [default: 3]": 3,
      "lacugrove_sapling [default: 4]": 4,
      "lacugrove_leaves [default: 5]": 5,
      "dragon_tree_sapling [default: 6]": 6,
      "dragon_tree_leaves [default: 7]": 7,
      "tenanea_sapling [default: 8]": 8,
      "tenanea_leaves [default: 9]": 9,
      "helix_tree_sapling [default: 10]": 10,
      "umbrella_tree_sapling [default: 11]": 11,
      "lucernia_sapling [default: 12]": 12,
      "lucernia_leaves [default: 13]": 13,
      "umbrella_moss [default: 14]": 14,
      "creeping_moss [default: 15]": 15,
      "chorus_grass [default: 16]": 16,
      "cave_grass [default: 17]": 17,
      "crystal_grass [default: 18]": 18,
      "shadow_plant [default: 19]": 19,
      "bushy_grass [default: 20]": 20,
      "amber_grass [default: 21]": 21,
      "twisted_umbrella_moss [default: 22]": 22,
      "jungle_grass [default: 23]": 23,
      "blooming_cooksonia [default: 24]": 24,
      "salteago [default: 25]": 25,
      "vaiolush_fern [default: 26]": 26,
      "fracturn [default: 27]": 27,
      "clawfern [default: 28]": 28,
      "globulagus [default: 29]": 29,
      "orango [default: 30]": 30,
      "aeridium [default: 31]": 31,
      "lutebus [default: 32]": 32,
      "lamellarium [default: 33]": 33,
      "inflexia [default: 34]": 34,
      "flammalix [default: 35]": 35,
      "small_jellyshroom [default: 36]": 36,
      "bolux_mushroom [default: 37]": 37,
      "small_amaranita_mushroom [default: 38]": 38,
      "neon_cactus [default: 39]": 39,
      "shadow_berry [default: 40]": 40,
      "blossom_berry_seed [default: 41]": 41,
      "amber_root_seed [default: 42]": 42,
      "chorus_mushroom_seed [default: 43]": 43,
      "murkweed [default: 44]": 44,
      "needlegrass [default: 45]": 45
    }
  }
}